<?xml version="1.0" encoding="UTF-8" standalone="no"?>
<project default="create_run_jar" name="Create Runnable Jar for Project Basic List View Control">
    <!--this file was created by Eclipse Runnable JAR Export Wizard-->
    <!--ANT 1.7 is required                                        -->
    <!--define folder properties-->
    <property name="dir.buildfile" value="."/>
    <property name="dir.workspace" value="${dir.buildfile}/../../../.."/>
    <property name="dir.jarfile" value="${dir.buildfile}"/>
    <target name="create_run_jar">
        <jar destfile="${dir.jarfile}/Jar.jar" filesetmanifest="mergewithoutmain">
            <manifest>
                <attribute name="Main-Class" value="TopFiveDestinationList"/>
                <attribute name="Class-Path" value="."/>
            </manifest>
            <fileset dir="${dir.workspace}/School/CS-250/Mod 3/Basic List View Control/Basic List View Control/bin"/>
        </jar>
    </target>
</project>
